INSERT INTO users (id,name,money) VALUES (1,'Jacobo', 100000);
INSERT INTO users (id,name,money) VALUES (2,'Daniela', 100000);
INSERT INTO users (id,name,money) VALUES (3,'Camilo', 100000);

INSERT INTO roulettes (id,estate) VALUES (1,true);
INSERT INTO roulettes (id,estate) VALUES (2,true);
INSERT INTO roulettes (id,estate) VALUES (3,true);

INSERT INTO numbers (id,number,color) VALUES (0,0,'Verde');
INSERT INTO numbers (id,number,color) VALUES (1,1,'Rojo');
INSERT INTO numbers (id,number,color) VALUES (2,2,'Negro');
INSERT INTO numbers (id,number,color) VALUES (3,3,'Rojo');
INSERT INTO numbers (id,number,color) VALUES (4,4,'Negro');
INSERT INTO numbers (id,number,color) VALUES (5,5,'Rojo');
INSERT INTO numbers (id,number,color) VALUES (6,6,'Negro');
INSERT INTO numbers (id,number,color) VALUES (7,7,'Rojo');
INSERT INTO numbers (id,number,color) VALUES (8,8,'Negro');
INSERT INTO numbers (id,number,color) VALUES (9,9,'Rojo');
INSERT INTO numbers (id,number,color) VALUES (10,10,'Negro');
INSERT INTO numbers (id,number,color) VALUES (11,11,'Negro');
INSERT INTO numbers (id,number,color) VALUES (12,12,'Rojo');
INSERT INTO numbers (id,number,color) VALUES (13,13,'Negro');
INSERT INTO numbers (id,number,color) VALUES (14,14,'Rojo');
INSERT INTO numbers (id,number,color) VALUES (15,15,'Negro');
INSERT INTO numbers (id,number,color) VALUES (16,16,'Rojo');
INSERT INTO numbers (id,number,color) VALUES (17,17,'Negro');
INSERT INTO numbers (id,number,color) VALUES (18,18,'Rojo');
INSERT INTO numbers (id,number,color) VALUES (19,19,'Rojo');
INSERT INTO numbers (id,number,color) VALUES (20,20,'Negro');
INSERT INTO numbers (id,number,color) VALUES (21,21,'Rojo');
INSERT INTO numbers (id,number,color) VALUES (22,22,'Negro');
INSERT INTO numbers (id,number,color) VALUES (23,23,'Rojo');
INSERT INTO numbers (id,number,color) VALUES (24,24,'Negro');
INSERT INTO numbers (id,number,color) VALUES (25,25,'Rojo');
INSERT INTO numbers (id,number,color) VALUES (26,26,'Negro');
INSERT INTO numbers (id,number,color) VALUES (27,27,'Rojo');
INSERT INTO numbers (id,number,color) VALUES (28,28,'Negro');
INSERT INTO numbers (id,number,color) VALUES (29,29,'Negro');
INSERT INTO numbers (id,number,color) VALUES (30,30,'Rojo');
INSERT INTO numbers (id,number,color) VALUES (31,31,'Negro');
INSERT INTO numbers (id,number,color) VALUES (32,32,'Rojo');
INSERT INTO numbers (id,number,color) VALUES (33,33,'Negro');
INSERT INTO numbers (id,number,color) VALUES (34,34,'Rojo');
INSERT INTO numbers (id,number,color) VALUES (35,35,'Negro');
INSERT INTO numbers (id,number,color) VALUES (36,36,'Rojo');

INSERT INTO boards (id,rouletteid,numbersid) VALUES (1,1,0);
INSERT INTO boards (id,rouletteid,numbersid) VALUES (2,1,1);
INSERT INTO boards (id,rouletteid,numbersid) VALUES (3,1,2);
INSERT INTO boards (id,rouletteid,numbersid) VALUES (4,1,3);
INSERT INTO boards (id,rouletteid,numbersid) VALUES (5,1,4);
INSERT INTO boards (id,rouletteid,numbersid) VALUES (6,1,5);
INSERT INTO boards (id,rouletteid,numbersid) VALUES (7,1,6);
INSERT INTO boards (id,rouletteid,numbersid) VALUES (8,1,7);
INSERT INTO boards (id,rouletteid,numbersid) VALUES (9,1,8);
INSERT INTO boards (id,rouletteid,numbersid) VALUES (10,1,9);
INSERT INTO boards (id,rouletteid,numbersid) VALUES (11,1,10);
INSERT INTO boards (id,rouletteid,numbersid) VALUES (12,1,11);
INSERT INTO boards (id,rouletteid,numbersid) VALUES (13,1,12);
INSERT INTO boards (id,rouletteid,numbersid) VALUES (14,1,13);
INSERT INTO boards (id,rouletteid,numbersid) VALUES (15,1,14);
INSERT INTO boards (id,rouletteid,numbersid) VALUES (16,1,15);
INSERT INTO boards (id,rouletteid,numbersid) VALUES (17,1,16);
INSERT INTO boards (id,rouletteid,numbersid) VALUES (18,1,17);
INSERT INTO boards (id,rouletteid,numbersid) VALUES (19,1,18);
INSERT INTO boards (id,rouletteid,numbersid) VALUES (20,1,19);
INSERT INTO boards (id,rouletteid,numbersid) VALUES (21,1,20);
INSERT INTO boards (id,rouletteid,numbersid) VALUES (22,1,21);
INSERT INTO boards (id,rouletteid,numbersid) VALUES (23,1,22);
INSERT INTO boards (id,rouletteid,numbersid) VALUES (24,1,23);
INSERT INTO boards (id,rouletteid,numbersid) VALUES (25,1,24);
INSERT INTO boards (id,rouletteid,numbersid) VALUES (26,1,25);
INSERT INTO boards (id,rouletteid,numbersid) VALUES (27,1,26);
INSERT INTO boards (id,rouletteid,numbersid) VALUES (28,1,27);
INSERT INTO boards (id,rouletteid,numbersid) VALUES (29,1,28);
INSERT INTO boards (id,rouletteid,numbersid) VALUES (30,1,29);
INSERT INTO boards (id,rouletteid,numbersid) VALUES (31,1,30);
INSERT INTO boards (id,rouletteid,numbersid) VALUES (32,1,31);
INSERT INTO boards (id,rouletteid,numbersid) VALUES (33,1,32);
INSERT INTO boards (id,rouletteid,numbersid) VALUES (34,1,33);
INSERT INTO boards (id,rouletteid,numbersid) VALUES (35,1,34);
INSERT INTO boards (id,rouletteid,numbersid) VALUES (36,1,35);
INSERT INTO boards (id,rouletteid,numbersid) VALUES (37,1,36);

INSERT INTO boards (id,rouletteid,numbersid) VALUES (38,2,0);
INSERT INTO boards (id,rouletteid,numbersid) VALUES (39,2,1);
INSERT INTO boards (id,rouletteid,numbersid) VALUES (40,2,2);
INSERT INTO boards (id,rouletteid,numbersid) VALUES (41,2,3);
INSERT INTO boards (id,rouletteid,numbersid) VALUES (42,2,4);
INSERT INTO boards (id,rouletteid,numbersid) VALUES (43,2,5);
INSERT INTO boards (id,rouletteid,numbersid) VALUES (44,2,6);
INSERT INTO boards (id,rouletteid,numbersid) VALUES (45,2,7);
INSERT INTO boards (id,rouletteid,numbersid) VALUES (46,2,8);
INSERT INTO boards (id,rouletteid,numbersid) VALUES (47,2,9);
INSERT INTO boards (id,rouletteid,numbersid) VALUES (48,2,10);
INSERT INTO boards (id,rouletteid,numbersid) VALUES (49,2,11);
INSERT INTO boards (id,rouletteid,numbersid) VALUES (50,2,12);
INSERT INTO boards (id,rouletteid,numbersid) VALUES (51,2,13);
INSERT INTO boards (id,rouletteid,numbersid) VALUES (52,2,14);
INSERT INTO boards (id,rouletteid,numbersid) VALUES (53,2,15);
INSERT INTO boards (id,rouletteid,numbersid) VALUES (54,2,16);
INSERT INTO boards (id,rouletteid,numbersid) VALUES (55,2,17);
INSERT INTO boards (id,rouletteid,numbersid) VALUES (56,2,18);
INSERT INTO boards (id,rouletteid,numbersid) VALUES (57,2,19);
INSERT INTO boards (id,rouletteid,numbersid) VALUES (58,2,20);
INSERT INTO boards (id,rouletteid,numbersid) VALUES (59,2,21);
INSERT INTO boards (id,rouletteid,numbersid) VALUES (60,2,22);
INSERT INTO boards (id,rouletteid,numbersid) VALUES (61,2,23);
INSERT INTO boards (id,rouletteid,numbersid) VALUES (62,2,24);
INSERT INTO boards (id,rouletteid,numbersid) VALUES (63,2,25);
INSERT INTO boards (id,rouletteid,numbersid) VALUES (64,2,26);
INSERT INTO boards (id,rouletteid,numbersid) VALUES (65,2,27);
INSERT INTO boards (id,rouletteid,numbersid) VALUES (66,2,28);
INSERT INTO boards (id,rouletteid,numbersid) VALUES (67,2,29);
INSERT INTO boards (id,rouletteid,numbersid) VALUES (68,2,30);
INSERT INTO boards (id,rouletteid,numbersid) VALUES (69,2,31);
INSERT INTO boards (id,rouletteid,numbersid) VALUES (70,2,32);
INSERT INTO boards (id,rouletteid,numbersid) VALUES (71,2,33);
INSERT INTO boards (id,rouletteid,numbersid) VALUES (72,2,34);
INSERT INTO boards (id,rouletteid,numbersid) VALUES (73,2,35);
INSERT INTO boards (id,rouletteid,numbersid) VALUES (74,2,36);

INSERT INTO boards (id,rouletteid,numbersid) VALUES (75,3,0);
INSERT INTO boards (id,rouletteid,numbersid) VALUES (76,3,1);
INSERT INTO boards (id,rouletteid,numbersid) VALUES (77,3,2);
INSERT INTO boards (id,rouletteid,numbersid) VALUES (78,3,3);
INSERT INTO boards (id,rouletteid,numbersid) VALUES (79,3,4);
INSERT INTO boards (id,rouletteid,numbersid) VALUES (80,3,5);
INSERT INTO boards (id,rouletteid,numbersid) VALUES (81,3,6);
INSERT INTO boards (id,rouletteid,numbersid) VALUES (82,3,7);
INSERT INTO boards (id,rouletteid,numbersid) VALUES (83,3,8);
INSERT INTO boards (id,rouletteid,numbersid) VALUES (84,3,9);
INSERT INTO boards (id,rouletteid,numbersid) VALUES (85,3,10);
INSERT INTO boards (id,rouletteid,numbersid) VALUES (86,3,11);
INSERT INTO boards (id,rouletteid,numbersid) VALUES (87,3,12);
INSERT INTO boards (id,rouletteid,numbersid) VALUES (88,3,13);
INSERT INTO boards (id,rouletteid,numbersid) VALUES (89,3,14);
INSERT INTO boards (id,rouletteid,numbersid) VALUES (90,3,15);
INSERT INTO boards (id,rouletteid,numbersid) VALUES (100,3,16);
INSERT INTO boards (id,rouletteid,numbersid) VALUES (101,3,17);
INSERT INTO boards (id,rouletteid,numbersid) VALUES (102,3,18);
INSERT INTO boards (id,rouletteid,numbersid) VALUES (103,3,19);
INSERT INTO boards (id,rouletteid,numbersid) VALUES (104,3,20);
INSERT INTO boards (id,rouletteid,numbersid) VALUES (105,3,21);
INSERT INTO boards (id,rouletteid,numbersid) VALUES (106,3,22);
INSERT INTO boards (id,rouletteid,numbersid) VALUES (107,3,23);
INSERT INTO boards (id,rouletteid,numbersid) VALUES (108,3,24);
INSERT INTO boards (id,rouletteid,numbersid) VALUES (109,3,25);
INSERT INTO boards (id,rouletteid,numbersid) VALUES (110,3,26);
INSERT INTO boards (id,rouletteid,numbersid) VALUES (111,3,27);
INSERT INTO boards (id,rouletteid,numbersid) VALUES (112,3,28);
INSERT INTO boards (id,rouletteid,numbersid) VALUES (113,3,29);
INSERT INTO boards (id,rouletteid,numbersid) VALUES (114,3,30);
INSERT INTO boards (id,rouletteid,numbersid) VALUES (115,3,31);
INSERT INTO boards (id,rouletteid,numbersid) VALUES (116,3,32);
INSERT INTO boards (id,rouletteid,numbersid) VALUES (117,3,33);
INSERT INTO boards (id,rouletteid,numbersid) VALUES (118,3,34);
INSERT INTO boards (id,rouletteid,numbersid) VALUES (119,3,35);
INSERT INTO boards (id,rouletteid,numbersid) VALUES (120,3,36);